'ZONA DE CAMINADORAS'   ,                                                 ,                  ,                    ,                    ,              ,
'N°'                    ,'DESCRIPCIÓN'                                    ,'MARCA'           ,'MODELO'            ,'N° SERIE'          ,'PERIODO'     ,'ACTIVO FIJO'
1                       ,'CAMINADORA  FLEXDECK'                           ,'Life Fitness'    ,'PV-INTEGRITY-CLST' ,'CLL148800'         ,'OT 2013'     ,'AF/014264'
2                       ,'CAMINADORA  FLEXDECK'                           ,'Life Fitness'    ,'PV-INTEGRITY-CLST' ,'CLL150480'         ,'OT 2013'     ,'AF/014270'
3                       ,'CAMINADORA  FLEXDECK'                           ,'Life Fitness'    ,'PV-INTEGRITY-CLST' ,'CLL149874'         ,'OT 2013'     ,'AF/014266'
4                       ,'CAMINADORA  FLEXDECK'                           ,'Life Fitness'    ,'PV-INTEGRITY-CLST' ,'CLL151435'         ,'OT 2013'     ,'AF/014271'
5                       ,'CAMINADORA  FLEXDECK'                           ,'Life Fitness'    ,'PV-INTEGRITY-CLST' ,'CLL150479'         ,'OT 2013'     ,'AF/014269'
6                       ,'CAMINADORA  FLEXDECK'                           ,'Life Fitness'    ,'PV-INTEGRITY-CLST' ,'CLL148799'         ,'OT 2013'     ,'AF/014265'
7                       ,'CAMINADORA  FLEXDECK'                           ,'Life Fitness'    ,'PV-INTEGRITY-CLST' ,'CLL150489'         ,'OT 2013'     ,'AF/014268'
8                       ,'CAMINADORA  FLEXDECK'                           ,'Life Fitness'    ,'PV-INTEGRITY-CLST' ,'CLL150488'         ,'OT 2013'     ,'AF/014267'
9                       ,'CAMINADORA  FLEXDECK'                           ,'Life Fitness'    ,'PV-INTEGRITY-CLST' ,'CLL179135'         ,'OT 2013'     ,'AF/019988'
10                      ,'CAMINADORA INTEGRITY SERIES TREADMILL'          ,'Life Fitness'    ,'PV-INTDX-ALLXXS'   ,'HHT121874'         ,'VR 2019'     ,
11                      ,'CAMINADORA INTEGRITY SERIES TREADMILL'          ,'Life Fitness'    ,'PV-INTDX-ALLXXS'   ,'HHT121896'         ,'VR 2019'     ,
12                      ,'CAMINADORA INTEGRITY SERIES TREADMILL'          ,'Life Fitness'    ,'PV-INTDX-ALLXXS'   ,'HHT121897'         ,'VR 2019'     ,
13                      ,'CAMINADORA INTEGRITY SERIES TREADMILL'          ,'Life Fitness'    ,'PV-INTDX-ALLXXS'   ,'HHT121560'         ,'VR 2019'     ,
14                      ,'CAMINADORA INTEGRITY SERIES TREADMILL'          ,'Life Fitness'    ,'PV-INTDX-ALLXXS'   ,'HHT121898'         ,'VR 2019'     ,
15                      ,'CAMINADORA INTEGRITY SERIES TREADMILL'          ,'Life Fitness'    ,'PV-INTDX-ALLXXS'   ,'HHT121558'         ,'VR 2019'     ,
16                      ,'CAMINADORA INTEGRITY SERIES TREADMILL'          ,'Life Fitness'    ,'PV-INTDX-ALLXXS'   ,'HHT121893'         ,'VR 2019'     ,
17                      ,'CAMINADORA INTEGRITY SERIES TREADMILL'          ,'Life Fitness'    ,'PV-INTDX-ALLXXS'   ,'HHT121895'         ,'VR 2019'     ,
18                      ,'CAMINADORA INTEGRITY SERIES TREADMILL'          ,'Life Fitness'    ,'PV-INTDX-ALLXXS'   ,'HHT121894'         ,'VR 2019'     ,
19                      ,'CAMINADORA INTEGRITY SERIES TREADMILL'          ,'Life Fitness'    ,'PV-INTDX-ALLXXS'   ,'HHT121883'         ,'VR 2019'     ,
20                      ,'CAMINADORA INTEGRITY SERIES TREADMILL'          ,'Life Fitness'    ,'PV-INTDX-ALLXXS'   ,'HHT121875'         ,'VR 2019'     ,
21                      ,'CAMINADORA INTEGRITY SERIES TREADMILL'          ,'Life Fitness'    ,'PV-INTDX-ALLXXS'   ,'HHT121876'         ,'VR 2019'     ,
22                      ,'CAMINADORA INTEGRITY SERIES TREADMILL'          ,'Life Fitness'    ,'PV-INTDX-ALLXXS'   ,'HHT121888'         ,'VR 2019'     ,
23                      ,'CAMINADORA INTEGRITY SERIES TREADMILL'          ,'Life Fitness'    ,'PV-INTDX-ALLXXS'   ,'HHT121882'         ,'VR 2019'     ,
24                      ,'CAMINADORA INTEGRITY SERIES TREADMILL'          ,'Life Fitness'    ,'PV-INTDX-ALLXXS'   ,'HHT121886'         ,'VR 2019'     ,
25                      ,'CAMINADORA INTEGRITY SERIES TREADMILL'          ,'Life Fitness'    ,'PV-INTDX-ALLXXS'   ,'HHT121879'         ,'VR 2019'     ,
26                      ,'CAMINADORA INTEGRITY SERIES TREADMILL'          ,'Life Fitness'    ,'PV-INTDX-ALLXXS'   ,'HHT121899'         ,'VR 2019'     ,
27                      ,'CAMINADORA INTEGRITY SERIES TREADMILL'          ,'Life Fitness'    ,'PV-INTDX-ALLXXS'   ,'HHT121878'         ,'VR 2019'     ,
28                      ,'CAMINADORA INTEGRITY SERIES TREADMILL'          ,'Life Fitness'    ,'PV-INTDX-ALLXXS'   ,'HHT121901'         ,'VR 2019'     ,
29                      ,'CAMINADORA INTEGRITY SERIES TREADMILL'          ,'Life Fitness'    ,'PV-INTDX-ALLXXS'   ,'HHT121877'         ,'VR 2019'     ,
30                      ,'CAMINADORA INTEGRITY SERIES TREADMILL'          ,'Life Fitness'    ,'PV-INTDX-ALLXXS'   ,'HHT121881'         ,'VR 2019'     ,
                        ,                                                 ,                  ,                    ,                    ,              ,
                        ,                                                 ,                  ,                    ,                    ,              ,
'ZONA DE ELÍPTICAS'     ,                                                 ,                  ,                    ,                    ,              ,
'N°'                    ,'DESCRIPCIÓN'                                    ,'MARCA'           ,'MODELO'            ,'N° SERIE'          ,'PERIODO'     ,'ACTIVO FIJO'
1                       ,'Elíptica Cross Trainer'                         ,'Life Fitness'    ,'CLSX'              ,'CXX120509'         ,'VR 2016'     ,'AF/014272'
2                       ,'Elíptica Cross Trainer'                         ,'Life Fitness'    ,'CLSX'              ,'CXX118997'         ,'VR 2016'     ,'AF/014275'
3                       ,'Elíptica Cross Trainer'                         ,'Life Fitness'    ,'CLSX'              ,'CXX119240'         ,'VR 2016'     ,'AF/014276'
4                       ,'Elíptica Cross Trainer'                         ,'Life Fitness'    ,'CLSX'              ,'CXX127477'         ,'VR 2016'     ,'AF/014281'
5                       ,'Elíptica Cross Trainer'                         ,'Life Fitness'    ,'CLSX'              ,'CXX121349'         ,'VR 2016'     ,'AF/014279'
6                       ,'Elíptica Cross Trainer'                         ,'Life Fitness'    ,'CLSX'              ,'CXX119242'         ,'VR 2016'     ,'AF/014278'
7                       ,'Elíptica Cross Trainer'                         ,'Life Fitness'    ,'CLSX'              ,'CXX120335'         ,'VR 2016'     ,'AF/014274'
8                       ,'Elíptica Cross Trainer'                         ,'Life Fitness'    ,'CLSX'              ,'CXX118998'         ,'VR 2016'     ,'AF/014277'
9                       ,'Elíptica Cross Trainer'                         ,'Life Fitness'    ,'CLSX'              ,'CXX121350'         ,'VR 2016'     ,'AF/014280'
10                      ,'Elíptica Cross Trainer'                         ,'Life Fitness'    ,'CLSX'              ,'CXX120336'         ,'VR 2016'     ,'AF/014273'
11                      ,'Elípticas Integrity Cross Trainer '             ,'Life Fitness'    ,'PV-INXDX-ALLXXS'   ,'HXX110921'         ,'VR 2019'     ,
12                      ,'Elípticas Integrity Cross Trainer '             ,'Life Fitness'    ,'PV-INXDX-ALLXXS'   ,'HXX110595'         ,'VR 2019'     ,
13                      ,'Elípticas Integrity Cross Trainer '             ,'Life Fitness'    ,'PV-INXDX-ALLXXS'   ,'HXX110590'         ,'VR 2019'     ,
14                      ,'Elípticas Integrity Cross Trainer '             ,'Life Fitness'    ,'PV-INXDX-ALLXXS'   ,'HXX110589'         ,'VR 2019'     ,
15                      ,'Elípticas Integrity Cross Trainer '             ,'Life Fitness'    ,'PV-INXDX-ALLXXS'   ,'HXX110594'         ,'VR 2019'     ,
16                      ,'Elípticas Integrity Cross Trainer '             ,'Life Fitness'    ,'PV-INXDX-ALLXXS'   ,'HXX110591'         ,'VR 2019'     ,
17                      ,'Elípticas Integrity Cross Trainer '             ,'Life Fitness'    ,'PV-INXDX-ALLXXS'   ,'HXX110592'         ,'VR 2019'     ,
18                      ,'Elípticas Integrity Cross Trainer '             ,'Life Fitness'    ,'PV-INXDX-ALLXXS'   ,'HXX110596'         ,'VR 2019'     ,
19                      ,'Elípticas Integrity Cross Trainer '             ,'Life Fitness'    ,'PV-INXDX-ALLXXS'   ,'HXX110593'         ,'VR 2019'     ,
20                      ,'Elípticas Integrity Cross Trainer '             ,'Life Fitness'    ,'PV-INXDX-ALLXXS'   ,'HXX110920'         ,'VR 2019'     ,
21                      ,'Elíptica Cross Trainer'                         ,'Life Fitness'    ,'CLSX'              ,'CXX143851'         ,'VR 2016'     ,'AF/019989'
22                      ,'Elíptica Cross Trainer'                         ,'Life Fitness'    ,'CLSX'              ,'CXX143845'         ,'VR 2016'     ,'AF/019990'
                        ,                                                 ,                  ,                    ,                    ,              ,
                        ,                                                 ,                  ,                    ,                    ,              ,
'ZONA DE BICICLETAS'    ,                                                 ,                  ,                    ,                    ,              ,
'N°'                    ,'DESCRIPCIÓN'                                    ,'MARCA'           ,'MODELO'            ,'N° SERIE'          ,'PERIODO'     ,'ACTIVO FIJO'
1                       ,'BICICLETAS'                                     ,'Life Fitness'    ,'PV-ICG-GROUP-IC5'  ,25776               ,'VR 2019'     ,
2                       ,'BICICLETAS'                                     ,'Life Fitness'    ,'PV-ICG-GROUP-IC5'  ,25767               ,'VR 2019'     ,
3                       ,'BICICLETAS'                                     ,'Life Fitness'    ,'PV-ICG-GROUP-IC5'  ,25856               ,'VR 2019'     ,
4                       ,'BICICLETAS'                                     ,'Life Fitness'    ,'PV-ICG-GROUP-IC5'  ,25721               ,'VR 2019'     ,
5                       ,'BICICLETAS'                                     ,'Life Fitness'    ,'PV-ICG-GROUP-IC5'  ,25785               ,'VR 2019'     ,
6                       ,'BICICLETAS'                                     ,'Life Fitness'    ,'PV-ICG-GROUP-IC5'  ,25782               ,'VR 2019'     ,
7                       ,'BICICLETAS'                                     ,'Life Fitness'    ,'PV-ICG-GROUP-IC5'  ,25727               ,'VR 2019'     ,
8                       ,'BICICLETAS'                                     ,'Life Fitness'    ,'PV-ICG-GROUP-IC5'  ,25762               ,'VR 2019'     ,
9                       ,'BICICLETAS'                                     ,'Life Fitness'    ,'PV-ICG-GROUP-IC5'  ,25764               ,'VR 2019'     ,
10                      ,'BICICLETAS'                                     ,'Life Fitness'    ,'PV-ICG-GROUP-IC5'  ,25752               ,'VR 2019'     ,
11                      ,'BICICLETAS'                                     ,'Life Fitness'    ,'PV-ICG-GROUP-IC5'  ,25757               ,'VR 2019'     ,
12                      ,'BICICLETAS'                                     ,'Life Fitness'    ,'PV-ICG-GROUP-IC5'  ,25758               ,'VR 2019'     ,
13                      ,'BICICLETAS'                                     ,'Life Fitness'    ,'PV-ICG-GROUP-IC5'  ,25741               ,'VR 2019'     ,
14                      ,'BICICLETAS'                                     ,'Life Fitness'    ,'PV-ICG-GROUP-IC5'  ,25761               ,'VR 2019'     ,
15                      ,'BICICLETAS'                                     ,'Life Fitness'    ,'PV-ICG-GROUP-IC5'  ,25737               ,'VR 2019'     ,
                        ,                                                 ,                  ,                    ,                    ,              ,
                        ,                                                 ,                  ,                    ,                    ,              ,
'ZONA DE ESCALADORAS'   ,                                                 ,                  ,                    ,                    ,              ,
'N°'                    ,'DESCRIPCIÓN'                                    ,'MARCA'           ,'MODELO'            ,'N° SERIE'          ,'PERIODO'     ,'ACTIVO FIJO'
1                       ,'Power Mill'                                     ,'Life Fitness'    ,'PV-INPMDX-ALLXXSL' ,'PMH106281'         ,'VR 2019'     ,
2                       ,'Power Mill'                                     ,'Life Fitness'    ,'PV-INPMDX-ALLXXSL' ,'PMH106273'         ,'VR 2019'     ,
3                       ,'Power Mill'                                     ,'Life Fitness'    ,'PV-INPMDX-ALLXXSL' ,'PMH106291'         ,'VR 2019'     ,
4                       ,'Power Mill'                                     ,'Life Fitness'    ,'PV-INPMDX-ALLXXSL' ,'PMH106288'         ,'VR 2019'     ,
                        ,                                                 ,                  ,                    ,                    ,              ,
                        ,                                                 ,                  ,                    ,                    ,              ,
'ZONA REMADORAS'        ,                                                 ,                  ,                    ,                    ,              ,
'N°'                    ,'DESCRIPCIÓN'                                    ,'MARCA'           ,'MODELO'            ,'N° SERIE'          ,'PERIODO'     ,'ACTIVO FIJO'
1                       ,'Lifecycle'                                      ,'Life Fitness'    ,'PV-GROUP-ROW'      ,'RGX190102038'      ,'VR 2019'     ,
2                       ,'Lifecycle'                                      ,'Life Fitness'    ,'PV-GROUP-ROW'      ,'RGX190102031'      ,'VR 2019'     ,
3                       ,'Lifecycle'                                      ,'Life Fitness'    ,'PV-GROUP-ROW'      ,'RGX190102037'      ,'VR 2019'     ,
4                       ,'Lifecycle'                                      ,'Life Fitness'    ,'PV-GROUP-ROW'      ,'RGX190102036'      ,'VR 2019'     ,
5                       ,'Lifecycle'                                      ,'Life Fitness'    ,'PV-GROUP-ROW'      ,'RGX190102032'      ,'VR 2019'     ,
                        ,                                                 ,                  ,                    ,                    ,              ,
                        ,                                                 ,                  ,                    ,                    ,              ,
'ZONA DE PESO AGREGADO' ,                                                 ,                  ,                    ,                    ,              ,
'N°'                    ,'DESCRIPCIÓN'                                    ,'MARCA'           ,'MODELO'            ,'N° SERIE'          ,'PERIODO'     ,'ACTIVO FIJO'
1                       ,'CALF EXTENSION '                                ,'LIFE FITNESS'    ,'FZCE2'             ,314001              ,'PR 2014'     ,'AF/014515'
2                       ,'SEATED LEG CURL'                                ,'Hammer Strenght' ,'HS-SLC2'           ,'118B028'           ,'PR 2018'     ,'AF/022733'
3                       ,'LEG CURL'                                       ,'Hammer Strenght' ,'HS-LC2'            ,'0418B008'          ,'PR 2018'     ,'AF/022736'
4                       ,'LEG EXTENSION'                                  ,'Hammer Strenght' ,'HS-LE2'            ,'0118B061'          ,'PR 2018'     ,'AF/022731'
5                       ,'HIP ADDUCTOR/ ABDUCTOR'                         ,'LIFE FITNESS'    ,'OST-HAA'           ,'101906701986'      ,'VR 2019'     ,
6                       ,'HIP ADDUCTOR/ ABDUCTOR'                         ,'LIFE FITNESS'    ,'OST-HAA'           ,'101906701987'      ,'VR 2019'     ,
7                       ,'GLUTE'                                          ,'LIFE FITNESS'    ,'SS-GL'             ,'0319B043'          ,'VR 2019'     ,
8                       ,'HIP AND GLUTE'                                  ,'LIFE FITNESS'    ,'PS-HGSE2'          ,314002              ,'PR 2014'     ,'AF/014519'
9                       ,'ABDOMINAL'                                      ,'LIFE FITNESS'    ,'FZ-AB2'            ,314001              ,'PR 2014'     ,'AF/014514'
10                      ,'TRICEPS EXTENSIÓN'                              ,'Hammer Strenght' ,'HS-TE'             ,'319B034'           ,'VR 2019'     ,
11                      ,'ARM CURL'                                       ,'TECNO GYM'       ,'25C2'              ,8000567             ,              ,
12                      ,'PECTORAL FLY '                                  ,'Hammer Strenght' ,'HS-PEC2'           ,1015001             ,'PR 2014'     ,'AF/019635'
13                      ,'ROW'                                            ,'Hammer Strenght' ,'HS-RW'             ,'319B014'           ,'VR 2019'     ,
14                      ,'LAT PULL-DOWN'                                  ,'Hammer Strenght' ,'HS-PD'             ,'118B081'           ,'PR 2018'     ,'AF/022735'
15                      ,'ASSIST DIP / ASSIST CHIN'                       ,'LIFE FITNESS'    ,'SS-ADC'            ,'319B026'           ,'VR 2019'     ,
                        ,                                                 ,                  ,                    ,                    ,              ,
                        ,                                                 ,                  ,                    ,                    ,              ,
'ZONA DE TABLAS'        ,                                                 ,                  ,                    ,                    ,              ,
'N°'                    ,'DESCRIPCIÓN'                                    ,'MARCA'           ,'MODELO'            ,'N° SERIE'          ,'PERIODO'     ,'ACTIVO FIJO'
1                       ,'TABLA PARA ABDOMINALES'                         ,'BH GOLDEN LINE'  ,'S/M'               ,'TAB 110719-1'      ,'OT 2017'     ,'AF/000070'
2                       ,'TABLA PARA ABDOMINALES'                         ,'BH GOLDEN LINE'  ,'S/M'               ,'TAB 110719-2'      ,'OT 2017'     ,'AF/000072'
3                       ,'TABLA PARA ABDOMINALES'                         ,'BH GOLDEN LINE'  ,'S/M'               ,'TAB 110719-3'      ,'OT 2017'     ,'AF/000071'
4                       ,'TABLA PARA ABDOMINALES'                         ,'BH GOLDEN LINE'  ,'S/M'               ,'TAB 110719-4'      ,'OT 2017'     ,'AF/000074'
5                       ,'TABLA PARA ABDOMINALES'                         ,'BH GOLDEN LINE'  ,'S/M'               ,'TAB 110719-5'      ,'OT 2017'     ,'AF/000073'
                        ,                                                 ,                  ,                    ,                    ,              ,
                        ,                                                 ,                  ,                    ,                    ,              ,
                        ,                                                 ,                  ,                    ,                    ,              ,
                        ,                                                 ,                  ,                    ,                    ,              ,
                        ,'PLANTA BAJA'                                    ,                  ,                    ,                    ,              ,
                        ,                                                 ,                  ,                    ,                    ,              ,
'ZONA DE BANCOS '       ,                                                 ,                  ,                    ,                    ,              ,
'N°'                    ,'DESCRIPCIÓN'                                    ,'MARCA'           ,'MODELO'            ,'N° SERIE'          ,'PERIODO'     ,'ACTIVO FIJO'
1                       ,'BANCO MILITAR PRESS'                            ,'LIFE FITNESS'    ,                    ,'81901006413'       ,'VR 2019'     ,
2                       ,'BANCO MILITAR PRESS'                            ,'LIFE FITNESS'    ,                    ,'81901006414'       ,              ,
3                       ,'BANCO P/ BICEPS SENTADO (PREDICADOR)'           ,'Hammer Strenght' ,                    ,5862                ,              ,
4                       ,'BANCO P/ BICEPS DE PIE (PREDICADOR)'            ,'LIFE FITNESS'    ,                    ,'081901005362'      ,'VR 2019'     ,
5                       ,'BANCO P/ PECHO DECLINADO'                       ,'Hammer Strenght' ,'SCODB2'            ,'ODB110719-2'       ,              ,
6                       ,'BANCO P/ PECHO DECLINADO'                       ,'Hammer Strenght' ,'SCODB2'            ,'ODB110719-1'       ,              ,
7                       ,'BANCO P/ PECHO HORIZONTAL'                      ,'LIFE FITNESS'    ,'GSQFB2'            ,'OFB110719-1'       ,              ,
8                       ,'BANCO P/ PECHO HORIZONTAL'                      ,'LIFE FITNESS'    ,'OFB2'              ,'OFB110719-2'       ,              ,
9                       ,'BANCO P/ PECHO INCLINADO'                       ,'LIFE FITNESS'    ,'CSOIB2'            ,'OIB110719-2'       ,              ,
10                      ,'BANCO P/ PECHO INCLINADO'                       ,'LIFE FITNESS'    ,'CSOIB2'            ,'OIB110719-1'       ,              ,
11                      ,'BANCO HORIZONTAL'                               ,'LIFE FITNESS'    ,                    ,'081810006057'      ,'VR 2019'     ,
12                      ,'BANCO HORIZONTAL'                               ,'LIFE FITNESS'    ,                    ,'081810006059'      ,'VR 2019'     ,
13                      ,'BANCO HORIZONTAL'                               ,'LIFE FITNESS'    ,                    ,'081810006058'      ,'VR 2019'     ,
14                      ,'BANCO HIPER EXTENSIÓN ESPALDA '                 ,'Hammer Strenght' ,'SBE2'              ,101508501995        ,              ,'AF/000052'
15                      ,'BANCO TEJEDORA PANTORRILLA'                     ,'LIFE FITNESS'    ,'PL- CALF'          ,'0319A032'          ,'VR 2019'     ,
16                      ,'BANCO MULTI ADJUSTABLE POSICIONES'              ,'Hammer Strenght' ,'HDTMAB'            ,'190315HDTMAB005D'  ,'VR 2019'     ,
17                      ,'BANCO MULTI ADJUSTABLE POSICIONES'              ,'Hammer Strenght' ,'HDTMAB'            ,'190315HDTMAB017D'  ,'VR 2019'     ,
18                      ,'BANCO MULTI ADJUSTABLE POSICIONES'              ,'Hammer Strenght' ,'HDTMAB'            ,'190315HDTMAB004D'  ,'VR 2019'     ,
19                      ,'BANCO MULTI ADJUSTABLE POSICIONES'              ,'Hammer Strenght' ,'HDTMAB'            ,'190315HDTMAB007D'  ,'VR 2019'     ,
20                      ,'BANCO HORIZONTAL'                               ,'TKO'             ,22515               ,'S/N'               ,'PR2014'      ,
21                      ,'BANCO HORIZONTAL'                               ,'S/M'             ,'S/M'               ,'S/N'               ,              ,
                        ,                                                 ,                  ,                    ,                    ,              ,
                        ,                                                 ,                  ,                    ,                    ,              ,
'ZONA DE JAULAS'        ,                                                 ,                  ,                    ,                    ,              ,
'N°'                    ,'DESCRIPCIÓN'                                    ,'MARCA'           ,'MODELO'            ,'N° SERIE'          ,'PERIODO'     ,'ACTIVO FIJO'
1                       ,'POWER RACK'                                     ,'HAMMER STRENGHT' ,'ASPR'              ,'0314006'           ,'PR 2014'     ,'AF/014509'
2                       ,'POWER RACK'                                     ,'HAMMER STRENGHT' ,'ASPR'              ,'0913025'           ,'PR 2014'     ,'AF/014512'
3                       ,'POWER RACK'                                     ,'HAMMER STRENGHT' ,'ASPR'              ,'0114035'           ,'PR 2014'     ,'AF/014511'
4                       ,'POWER RACK'                                     ,'HAMMER STRENGHT' ,'ASPR'              ,'0214019'           ,'PR 2014'     ,'AF/014510'
5                       ,'HD 6 x 8 PLATAFORM'                             ,'HAMMER STRENGHT' ,'HDE-6X8'           ,                    ,2019          ,
6                       ,'HD 6 x 8 PLATAFORM'                             ,'HAMMER STRENGHT' ,'HDE-6X8'           ,                    ,2019          ,
7                       ,'HD 6 x 8 PLATAFORM'                             ,'HAMMER STRENGHT' ,'HDE-6X8'           ,                    ,2019          ,
8                       ,'HD 6 x 8 PLATAFORM'                             ,'HAMMER STRENGHT' ,'HDE-6X8'           ,                    ,2019          ,
                        ,                                                 ,                  ,                    ,                    ,              ,
                        ,                                                 ,                  ,                    ,                    ,              ,
'ZONA PRECOR'           ,                                                 ,                  ,                    ,                    ,              ,
'N°'                    ,'DESCRIPCIÓN'                                    ,'MARCA'           ,'MODELO'            ,'N° SERIE'          ,'PERIODO'     ,'ACTIVO FIJO'
1                       ,'FTS GLIDE'                                      ,'PRECOR'          ,'BBEN'              ,13130034            ,'PR 2014'     ,'AF/016299'
2                       ,'FTS GLIDE'                                      ,'PRECOR'          ,'BBEN'              ,131330092           ,'PR 2014'     ,'AF/016300'
3                       ,'FTS GLIDE'                                      ,'PRECOR'          ,'BBEN'              ,13130100            ,'PR 2014'     ,'AF/016301'
4                       ,'ADJUSTABLE HI/LO PULLEY (CROSS OVER)'           ,'IMPULSE '        ,                    ,'IT9325616Z60005-A' ,              ,'AF/020540'
5                       ,'ACCESORY RACK '                                 ,'TROY'            ,'GTAR'              ,                    ,'PR 2014'     ,'AF/014516'
                        ,                                                 ,                  ,                    ,                    ,              ,
                        ,                                                 ,                  ,                    ,                    ,              ,
'ZONA PESO LIBRE'       ,                                                 ,                  ,                    ,                    ,              ,
'N°'                    ,'DESCRIPCIÓN'                                    ,'MARCA'           ,'MODELO'            ,'N° SERIE'          ,'PERIODO'     ,'ACTIVO FIJO'
1                       ,'SMIT MACHINE'                                   ,'Life fitness'    ,'SSM'               ,'0314013'           ,'PR 2014'     ,'AF/014521'
2                       ,'GROUND BASE JAMMER'                             ,'Hammer Strenght' ,'GBJ'               ,'0319A020'          ,'VR 2019'     ,
3                       ,'Linear Leg Press'                               ,'Hammer Strenght' ,'HSLLP'             ,'03193077'          ,'VR 2019'     ,
4                       ,'GLUTES QUADS '                                  ,'PARAMOUNT'       ,                    ,                    ,              ,'AF/000036'
                        ,                                                 ,                  ,                    ,                    ,              ,
                        ,                                                 ,                  ,                    ,                    ,              ,
'RACK DE PESAS'         ,                                                 ,                  ,                    ,                    ,              ,
'N°'                    ,'DESCRIPCIÓN'                                    ,'MARCA'           ,'MODELO'            ,'N° SERIE'          ,'PERIODO'     ,'ACTIVO FIJO'
1                       ,'RACK DE MANCUERNAS DE DOS NIVELES'              ,'LIFE FITNESS'    ,                    ,                    ,              ,'000084'
2                       ,'RACK DE MANCUERNAS DE DOS NIVELES'              ,'LIFE FITNESS'    ,'CSDBS'             ,90612001054         ,              ,'000085'
3                       ,'RACK DE MANCUERNAS DE DOS NIVELES'              ,'LIFE FITNESS'    ,'CSDBS'             ,90612001050         ,              ,'000086'
4                       ,'RACK DE MANCUERNAS DE TRES NIVELES HEXAGONAL'   ,                  ,'S/M'               ,'S/N'               ,              ,
5                       ,'RACK DE DISCOS ÁRBOL DE DOS NIVELES'            ,'LIFE FITNESS'    ,'S/M'               ,81901004392         ,'VR 2019'     ,
6                       ,'RACK DE DISCOS BUMPER '                         ,'VTX'             ,'S/M'               ,'S/N'               ,              ,
7                       ,'RACK DE DISCOS ÁRBOL DE TRES NIVELES'           ,'LIFE FITNESS'    ,'S/M'               ,'S/N'               ,              ,'000057'
8                       ,'RACK DE DISCOS ÁRBOL DE TRES NIVELES'           ,'LIFE FITNESS'    ,'S/M'               ,'S/N'               ,              ,'000056'
9                       ,'RACK DE DISCOS ÁRBOL DE DOS NIVELES'            ,'HAMMER STRENGHT' ,'S/M'               ,'S/N'               ,              ,
10                      ,'RACK DE DISCOS ÁRBOL DE TRES NIVELES'           ,'LIFE FITNESS'    ,'S/M'               ,'S/N'               ,              ,
11                      ,'RACK DE DISCOS BUMPER '                         ,'VTX'             ,'S/M'               ,'S/N'               ,              ,
12                      ,'RACK DE DISCOS ÁRBOL DE TRES NIVELES '          ,'PRECOR '         ,'ICARIAN LINE '     ,'S/N'               ,              ,
13                      ,'RACK DE DISCOS ÁRBOL DE DOS NIVELES'            ,'VTX'             ,'S/M'               ,'S/N'               ,              ,
14                      ,'RACK DE PESAS DE BARRA'                         ,'HAMMER STRENGHT' ,'S/M'               ,'S/N'               ,              ,'000096'
                        ,                                                 ,                  ,                    ,                    ,              ,
                        ,                                                 ,                  ,                    ,                    ,              ,
'ACCESORIOS'            ,                                                 ,                  ,                    ,                    ,              ,
'N°'                    ,'DESCRIPCIÓN'                                    ,'MARCA'           ,'MODELO'            ,'N° SERIE'          ,'PERIODO'     ,'ACTIVO FIJO'
1                       ,'BARRA OLYMPIC STYLE TRICEPS'                    ,'TROY'            ,'GOT-34'            ,                    ,2019          ,
2                       ,'BARRA OLYMPIC STYLE TRICEPS'                    ,'TROY'            ,'GOT-34'            ,                    ,2019          ,
3                       ,'OLYMPIC WEIGTH'                                 ,'LIFE FITNESS'    ,'SOWT'              ,                    ,2019          ,
4                       ,'10 LB KETTLEBELL'                               ,'SPRI'            ,'07-70402'          ,                    ,2019          ,
5                       ,'10 LB KETTLEBELL'                               ,'SPRI'            ,'07-70402'          ,                    ,2019          ,
6                       ,'10 LB KETTLEBELL'                               ,'SPRI'            ,'07-70402'          ,                    ,2019          ,
7                       ,'10 LB KETTLEBELL'                               ,'SPRI'            ,'07-70402'          ,                    ,2019          ,
8                       ,'8 LB KETTLEBELL'                                ,'SPRI'            ,'07-70401'          ,                    ,2019          ,
9                       ,'8 LB KETTLEBELL'                                ,'SPRI'            ,'07-70401'          ,                    ,2019          ,
10                      ,'8 LB KETTLEBELL'                                ,'SPRI'            ,'07-70401'          ,                    ,2019          ,
11                      ,'8 LB KETTLEBELL'                                ,'SPRI'            ,'07-70401'          ,                    ,2019          ,
12                      ,'65 CM ELITE XERCISE'                            ,'SPRI'            ,'SXBE65R'           ,                    ,2019          ,
13                      ,'65 CM ELITE XERCISE'                            ,'SPRI'            ,'SXBE65R'           ,                    ,2019          ,
14                      ,'65 CM ELITE XERCISE'                            ,'SPRI'            ,'SXBE65R'           ,                    ,2019          ,
15                      ,'65 CM ELITE XERCISE'                            ,'SPRI'            ,'SXBE65R'           ,                    ,2019          ,
16                      ,'BAND PEGS (PAR)'                                ,'HAMMER STRENGHT' ,'AT-BP'             ,                    ,2019          ,
17                      ,'BAND PEGS (PAR)'                                ,'HAMMER STRENGHT' ,'AT-BP'             ,                    ,2019          ,
18                      ,'BAND PEGS (PAR)'                                ,'HAMMER STRENGHT' ,'AT-BP'             ,                    ,2019          ,
19                      ,'BAND PEGS (PAR)'                                ,'HAMMER STRENGHT' ,'AT-BP'             ,                    ,2019          ,
20                      ,'BAND PEGS (PAR)'                                ,'HAMMER STRENGHT' ,'AT-BP'             ,                    ,2019          ,
21                      ,'BAND PEGS (PAR)'                                ,'HAMMER STRENGHT' ,'AT-BP'             ,                    ,2019          ,
22                      ,'BAND PEGS (PAR)'                                ,'HAMMER STRENGHT' ,'AT-BP'             ,                    ,2019          ,
23                      ,'BAND PEGS (PAR)'                                ,'HAMMER STRENGHT' ,'AT-BP'             ,                    ,2019          ,
24                      ,'BAND PEGS (PAR)'                                ,'HAMMER STRENGHT' ,'AT-BP'             ,                    ,2019          ,
25                      ,'BAND PEGS (PAR)'                                ,'HAMMER STRENGHT' ,'AT-BP'             ,                    ,2019          ,
26                      ,'CUERDA 40´POWER TRAINING'                       ,'POWER SYSTEMS'   ,'13640-40'          ,                    ,2019          ,
27                      ,'CUERDA 40´POWER TRAINING'                       ,'POWER SYSTEMS'   ,'13640-40'          ,                    ,2019          ,
28                      ,'BOSU'                                           ,'BOSU'            ,'PRO'               ,                    ,2019          ,
29                      ,'BOSU'                                           ,'BOSU'            ,'PRO'               ,                    ,2019          ,
30                      ,'BOSU'                                           ,'BOSU'            ,'PRO'               ,                    ,2019          ,
31                      ,'BOSU'                                           ,'BOSU'            ,'PRO'               ,                    ,2019          ,
32                      ,'BOSU'                                           ,'BOSU'            ,'PRO'               ,                    ,2019          ,
33                      ,'BOSU'                                           ,'BOSU'            ,'PRO'               ,                    ,2019          ,
34                      ,'DYNAMAX MEDICINE BALL 10 LB'                    ,'DYNAMAX'         ,'DYN-EM10'          ,                    ,2019          ,
35                      ,'DYNAMAX MEDICINE BALL 10 LB'                    ,'DYNAMAX'         ,'DYN-EM10'          ,                    ,2019          ,
36                      ,'DYNAMAX MEDICINE BALL 14 LB'                    ,'DYNAMAX'         ,'DYN-EM14'          ,                    ,2019          ,
37                      ,'DYNAMAX MEDICINE BALL 14 LB'                    ,'DYNAMAX'         ,'DYN-EM14'          ,                    ,2019          ,
38                      ,'DYNAMAX MEDICINE BALL 20 LB '                   ,'DYNAMAX'         ,'DYN-EM20'          ,                    ,2019          ,
39                      ,'DYNAMAX MEDICINE BALL 20 LB '                   ,'DYNAMAX'         ,'DYN-EM20'          ,                    ,2019          ,
40                      ,'DIP HANDLE'                                     ,'HAMMER STRENGHT' ,'AT-DIP'            ,                    ,2019          ,
41                      ,'DIP HANDLE'                                     ,'HAMMER STRENGHT' ,'AT-DIP'            ,                    ,2019          ,
42                      ,'DIP HANDLE'                                     ,'HAMMER STRENGHT' ,'AT-DIP'            ,                    ,2019          ,
43                      ,'DIP HANDLE'                                     ,'HAMMER STRENGHT' ,'AT-DIP'            ,                    ,2019          ,
44                      ,'LEATHER ANKLE STRAP'                            ,'TROY'            ,'ALAS'              ,                    ,2019          ,
45                      ,'LEATHER ANKLE STRAP'                            ,'TROY'            ,'ALAS'              ,                    ,2019          ,
46                      ,'LEATHER ANKLE STRAP'                            ,'TROY'            ,'ALAS'              ,                    ,2019          ,
47                      ,'LEATHER ANKLE STRAP'                            ,'TROY'            ,'ALAS'              ,                    ,2019          ,
48                      ,'LEATHER ANKLE STRAP'                            ,'TROY'            ,'ALAS'              ,                    ,2019          ,
49                      ,'LEATHER ANKLE STRAP'                            ,                  ,                    ,                    ,              ,
50                      ,'LEATHER ANKLE STRAP'                            ,                  ,                    ,                    ,              ,
51                      ,'LEATHER DIP BELT'                               ,'TROY'            ,'ALDB'              ,                    ,2019          ,
52                      ,'LEATHER DIP BELT'                               ,'TROY'            ,'ALDB'              ,                    ,2019          ,
53                      ,'SUPER BAND PURPLE 2 1/2 INCH'                   ,'SPRI'            ,'SSB-4'             ,                    ,2019          ,
54                      ,'SUPER BAND PURPLE 2 1/2 INCH'                   ,'SPRI'            ,'SSB-4'             ,                    ,2019          ,
55                      ,'SUPER BAND PURPLE 2 1/2 INCH'                   ,'SPRI'            ,'SSB-4'             ,                    ,2019          ,
56                      ,'SUPER BAND PURPLE 2 1/2 INCH'                   ,'SPRI'            ,'SSB-4'             ,                    ,2019          ,
57                      ,'SUPER BAND PURPLE 2 1/2 INCH'                   ,'SPRI'            ,'SSB-4'             ,                    ,2019          ,
58                      ,'SUPER BAND PURPLE 2 1/2 INCH'                   ,'SPRI'            ,'SSB-4'             ,                    ,2019          ,
59                      ,'SUPER BAND BLUE 1 3/4 INCH'                     ,'SPRI'            ,'SSB-3'             ,                    ,2019          ,
60                      ,'SUPER BAND BLUE 1 3/4 INCH'                     ,'SPRI'            ,'SSB-3'             ,                    ,2019          ,
61                      ,'SUPER BAND BLUE 1 3/4 INCH'                     ,'SPRI'            ,'SSB-3'             ,                    ,2019          ,
62                      ,'SUPER BAND BLUE 1 3/4 INCH'                     ,'SPRI'            ,'SSB-3'             ,                    ,2019          ,
63                      ,'SUPER BAND BLUE 1 3/4 INCH'                     ,'SPRI'            ,'SSB-3'             ,                    ,2019          ,
64                      ,'SUPER BAND BLUE 1 3/4 INCH'                     ,'SPRI'            ,'SSB-3'             ,                    ,2019          ,
65                      ,'SUPER BAND RED 1 INCH'                          ,'SPRI'            ,'SSB-2'             ,                    ,2019          ,
66                      ,'SUPER BAND RED 1 INCH'                          ,'SPRI'            ,'SSB-2'             ,                    ,2019          ,
67                      ,'SUPER BAND RED 1 INCH'                          ,'SPRI'            ,'SSB-2'             ,                    ,2019          ,
68                      ,'SUPER BAND RED 1 INCH'                          ,'SPRI'            ,'SSB-2'             ,                    ,2019          ,
69                      ,'SUPER BAND RED 1 INCH'                          ,'SPRI'            ,'SSB-2'             ,                    ,2019          ,
70                      ,'SUPER BAND RED 1 INCH'                          ,'SPRI'            ,'SSB-2'             ,                    ,2019          ,
71                      ,'12KG  KETTLEBALL RUBBER'                        ,'ZIBA'            ,'ZVO-KVRB-2459'     ,                    ,2019          ,
72                      ,'12KG  KETTLEBALL RUBBER'                        ,'ZIBA'            ,'ZVO-KVRB-2459'     ,                    ,2019          ,
73                      ,'12KG  KETTLEBALL RUBBER'                        ,'ZIBA'            ,'ZVO-KVRB-2459'     ,                    ,2019          ,
74                      ,'12KG  KETTLEBALL RUBBER'                        ,'ZIBA'            ,'ZVO-KVRB-2459'     ,                    ,2019          ,
75                      ,'16 KG KETTLEBALL RUBBER'                        ,'ZIBA'            ,'ZVO-KVRB-2461'     ,                    ,2019          ,
76                      ,'16 KG KETTLEBALL RUBBER'                        ,'ZIBA'            ,'ZVO-KVRB-2461'     ,                    ,2019          ,
77                      ,'16 KG KETTLEBALL RUBBER'                        ,'ZIBA'            ,'ZVO-KVRB-2461'     ,                    ,2019          ,
78                      ,'16 KG KETTLEBALL RUBBER'                        ,'ZIBA'            ,'ZVO-KVRB-2461'     ,                    ,2019          ,
79                      ,'24 KG KETTLEBALL RUBBER'                        ,'ZIBA'            ,'ZVO-KVRB-2465'     ,                    ,2019          ,
80                      ,'24 KG KETTLEBALL RUBBER'                        ,'ZIBA'            ,'ZVO-KVRB-2465'     ,                    ,2019          ,
81                      ,'24 KG KETTLEBALL RUBBER'                        ,'ZIBA'            ,'ZVO-KVRB-2465'     ,                    ,2019          ,
82                      ,'24 KG KETTLEBALL RUBBER'                        ,'ZIBA'            ,'ZVO-KVRB-2465'     ,                    ,2019          ,
83                      ,'COMMERCIAL GRADE BAR PAD '                      ,'TROY'            ,'TBPAD'             ,                    ,2019          ,
84                      ,'COMMERCIAL GRADE BAR PAD '                      ,'TROY'            ,'TBPAD'             ,                    ,2019          ,
85                      ,'COMMERCIAL GRADE BAR PAD '                      ,'TROY'            ,'TBPAD'             ,                    ,2019          ,
86                      ,'COMMERCIAL GRADE BAR PAD '                      ,'TROY'            ,'TBPAD'             ,                    ,2019          ,
87                      ,'LIFELINE POWER '                                ,'POWER SYSTEMS'   ,'POS-67150'         ,                    ,2019          ,
88                      ,'LIFELINE POWER '                                ,'POWER SYSTEMS'   ,'POS-67150'         ,                    ,2019          ,
89                      ,'LIFELINE POWER '                                ,'POWER SYSTEMS'   ,'POS-67150'         ,                    ,2019          ,
90                      ,'15 LB DEAD WEIGHT SLAM BALL'                    ,'SPRI'            ,'07-70755'          ,                    ,2019          ,
91                      ,'15 LB DEAD WEIGHT SLAM BALL'                    ,'SPRI'            ,'07-70755'          ,                    ,2019          ,
92                      ,'15 LB DEAD WEIGHT SLAM BALL'                    ,'SPRI'            ,'07-70755'          ,                    ,2019          ,
93                      ,'20 LB DEAD WEIGHT SLAM BALL'                    ,'SPRI'            ,'05-60572'          ,                    ,2019          ,
94                      ,'20 LB DEAD WEIGHT SLAM BALL'                    ,'SPRI'            ,'05-60572'          ,                    ,2019          ,
95                      ,'20 LB DEAD WEIGHT SLAM BALL'                    ,'SPRI'            ,'05-60572'          ,                    ,2019          ,
96                      ,'30 LB DEAD WEIGHT SLAM BALL'                    ,'SPRI'            ,'05-60573'          ,                    ,2019          ,
97                      ,'30 LB DEAD WEIGHT SLAM BALL'                    ,'SPRI'            ,'05-60573'          ,                    ,2019          ,
98                      ,'30 LB DEAD WEIGHT SLAM BALL'                    ,'SPRI'            ,'05-60573'          ,                    ,2019          ,
99                      ,'2 INCH EZ-ON SPRING COLLAR W/RUBBER GRIP'       ,'TROY'            ,'TOZC-1-2G'         ,                    ,2019          ,
100                     ,'2 INCH EZ-ON SPRING COLLAR W/RUBBER GRIP'       ,'TROY'            ,'TOZC-1-2G'         ,                    ,2019          ,
101                     ,'2 INCH EZ-ON SPRING COLLAR W/RUBBER GRIP (PAR)' ,'TROY'            ,'TOZC-1-2G'         ,                    ,2019          ,
102                     ,'2 INCH EZ-ON SPRING COLLAR W/RUBBER GRIP (PAR)' ,'TROY'            ,'TOZC-1-2G'         ,                    ,2019          ,
103                     ,'2 INCH EZ-ON SPRING COLLAR W/RUBBER GRIP (PAR)' ,'TROY'            ,'TOZC-1-2G'         ,                    ,2019          ,
104                     ,'2 INCH EZ-ON SPRING COLLAR W/RUBBER GRIP (PAR)' ,'TROY'            ,'TOZC-1-2G'         ,                    ,2019          ,
105                     ,'2 INCH EZ-ON SPRING COLLAR W/RUBBER GRIP (PAR)' ,'TROY'            ,'TOZC-1-2G'         ,                    ,2019          ,
106                     ,'2 INCH EZ-ON SPRING COLLAR W/RUBBER GRIP (PAR)' ,'TROY'            ,'TOZC-1-2G'         ,                    ,2019          ,
107                     ,'2 INCH EZ-ON SPRING COLLAR W/RUBBER GRIP (PAR)' ,'TROY'            ,'TOZC-1-2G'         ,                    ,2019          ,
108                     ,'2 INCH EZ-ON SPRING COLLAR W/RUBBER GRIP (PAR)' ,'TROY'            ,'TOZC-1-2G'         ,                    ,2019          ,
109                     ,'6 FT OLYMPIC BAR'                               ,'TROY'            ,'OB-72'             ,                    ,2019          ,
110                     ,'6 FT OLYMPIC BAR'                               ,'TROY'            ,'OB-72'             ,                    ,2019          ,
111                     ,'OLYMPIC HEX BAR'                                ,'TROY'            ,'AOT6-56'           ,                    ,2019          ,
112                     ,'OLYMPIC HEX BAR'                                ,'TROY'            ,'AOT6-56'           ,                    ,2019          ,
113                     ,'OLYMPIC HEX BAR'                                ,'TROY'            ,'AOT6-56'           ,                    ,2019          ,
114                     ,'OLYMPIC HEX BAR'                                ,'TROY'            ,'AOT6-56'           ,                    ,2019          ,
115                     ,'TRX PRO4'                                       ,'TRX'             ,'PRO4'              ,'GZ6Q120S04209'     ,2019          ,
116                     ,'TRX PRO4'                                       ,'TRX'             ,'PRO4'              ,'GZ6Q120S04154'     ,2019          ,
117                     ,'TRX PRO4'                                       ,'TRX'             ,'PRO4'              ,'GZ6Q120S04208'     ,2019          ,
118                     ,'TRX PRO4'                                       ,'TRX'             ,'PRO4'              ,'GZ6Q120S04212'     ,2019          ,
119                     ,'TRICEPS PRESS DOWN V'                           ,'TROY'            ,'GTVB-SR'           ,                    ,2019          ,
120                     ,'TRICEPS PRESS DOWN V'                           ,'TROY'            ,'GTVB-SR'           ,                    ,2019          ,
121                     ,'TRICEPS PRESS DOWN V'                           ,'TROY'            ,'GTVB-SR'           ,                    ,2019          ,
122                     ,'TRICEPS PRESS DOWN V'                           ,'TROY'            ,'GTVB-SR'           ,                    ,2019          ,
123                     ,'TRICEP ROPE'                                    ,'TROY'            ,'ATR-36'            ,                    ,2019          ,
124                     ,'TRICEP ROPE'                                    ,'TROY'            ,'ATR-36'            ,                    ,2019          ,
125                     ,'TRICEP ROPE'                                    ,'TROY'            ,'ATR-36'            ,                    ,2019          ,
126                     ,'SINGLE TRICEP ROPE'                             ,'POWER SYSTEMS'   ,50735               ,                    ,2019          ,
127                     ,'SINGLE TRICEP ROPE'                             ,'POWER SYSTEMS'   ,50735               ,                    ,2019          ,
128                     ,'SINGLE TRICEP ROPE'                             ,'POWER SYSTEMS'   ,50735               ,                    ,2019          ,
129                     ,'SINGLE TRICEP ROPE'                             ,'POWER SYSTEMS'   ,50735               ,                    ,2019          ,
130                     ,'ROGUE BUMPER PLATES 10 LB (PAR)'                ,'ROGUE'           ,'HI-TEMPO'          ,                    ,2019          ,
131                     ,'ROGUE BUMPER PLATES 10 LB (PAR)'                ,'ROGUE'           ,'HI-TEMPO'          ,                    ,2019          ,
132                     ,'ROGUE BUMPER PLATES 10 LB (PAR)'                ,'ROGUE'           ,'HI-TEMPO'          ,                    ,2019          ,
133                     ,'ROGUE BUMPER PLATES 10 LB (PAR)'                ,'ROGUE'           ,'HI-TEMPO'          ,                    ,2019          ,
134                     ,'ROGUE BUMPER PLATES 10 LB (PAR)'                ,'ROGUE'           ,'HI-TEMPO'          ,                    ,2019          ,
135                     ,'ROGUE BUMPER PLATES 10 LB (PAR)'                ,'ROGUE'           ,'HI-TEMPO'          ,                    ,2019          ,
136                     ,'ROGUE BUMPER PLATES 10 LB (PAR)'                ,'ROGUE'           ,'HI-TEMPO'          ,                    ,2019          ,
137                     ,'ROGUE BUMPER PLATES 10 LB (PAR)'                ,'ROGUE'           ,'HI-TEMPO'          ,                    ,2019          ,
138                     ,'ROGUE BUMPER PLATES 25 LB (PAR)'                ,'ROGUE'           ,'HI-TEMPO'          ,                    ,2019          ,
139                     ,'ROGUE BUMPER PLATES 25 LB (PAR)'                ,'ROGUE'           ,'HI-TEMPO'          ,                    ,2019          ,
140                     ,'ROGUE BUMPER PLATES 25 LB (PAR)'                ,'ROGUE'           ,'HI-TEMPO'          ,                    ,2019          ,
141                     ,'ROGUE BUMPER PLATES 25 LB (PAR)'                ,'ROGUE'           ,'HI-TEMPO'          ,                    ,2019          ,
142                     ,'ROGUE BUMPER PLATES 25 LB (PAR)'                ,'ROGUE'           ,'HI-TEMPO'          ,                    ,2019          ,
143                     ,'ROGUE BUMPER PLATES 25 LB (PAR)'                ,'ROGUE'           ,'HI-TEMPO'          ,                    ,2019          ,
144                     ,'ROGUE BUMPER PLATES 25 LB (PAR)'                ,'ROGUE'           ,'HI-TEMPO'          ,                    ,2019          ,
145                     ,'ROGUE BUMPER PLATES 25 LB (PAR)'                ,'ROGUE'           ,'HI-TEMPO'          ,                    ,2019          ,
146                     ,'ROGUE BUMPER PLATES 35 LB (PAR)'                ,'ROGUE'           ,'HI-TEMPO'          ,                    ,2019          ,
147                     ,'ROGUE BUMPER PLATES 35 LB (PAR)'                ,'ROGUE'           ,'HI-TEMPO'          ,                    ,2019          ,
148                     ,'ROGUE BUMPER PLATES 35 LB (PAR)'                ,'ROGUE'           ,'HI-TEMPO'          ,                    ,2019          ,
149                     ,'ROGUE BUMPER PLATES 35 LB (PAR)'                ,'ROGUE'           ,'HI-TEMPO'          ,                    ,2019          ,
150                     ,'ROGUE BUMPER PLATES 35 LB (PAR)'                ,'ROGUE'           ,'HI-TEMPO'          ,                    ,2019          ,
151                     ,'ROGUE BUMPER PLATES 35 LB (PAR)'                ,'ROGUE'           ,'HI-TEMPO'          ,                    ,2019          ,
152                     ,'ROGUE BUMPER PLATES 35 LB (PAR)'                ,'ROGUE'           ,'HI-TEMPO'          ,                    ,2019          ,
153                     ,'ROGUE BUMPER PLATES 35 LB (PAR)'                ,'ROGUE'           ,'HI-TEMPO'          ,                    ,2019          ,
154                     ,'ROGUE BUMPER PLATES 45 LB (PAR)'                ,'ROGUE'           ,'HI-TEMPO'          ,                    ,2019          ,
155                     ,'ROGUE BUMPER PLATES 45 LB (PAR)'                ,'ROGUE'           ,'HI-TEMPO'          ,                    ,2019          ,
156                     ,'ROGUE BUMPER PLATES 45 LB (PAR)'                ,'ROGUE'           ,'HI-TEMPO'          ,                    ,2019          ,
157                     ,'ROGUE BUMPER PLATES 45 LB (PAR)'                ,'ROGUE'           ,'HI-TEMPO'          ,                    ,2019          ,
158                     ,'ROGUE BUMPER PLATES 45 LB (PAR)'                ,'ROGUE'           ,'HI-TEMPO'          ,                    ,2019          ,
159                     ,'ROGUE BUMPER PLATES 45 LB (PAR)'                ,'ROGUE'           ,'HI-TEMPO'          ,                    ,2019          ,
160                     ,'ROGUE BUMPER PLATES 45 LB (PAR)'                ,'ROGUE'           ,'HI-TEMPO'          ,                    ,2019          ,
161                     ,'ROGUE BUMPER PLATES 45 LB (PAR)'                ,'ROGUE'           ,'HI-TEMPO'          ,                    ,2019          ,
162                     ,'7 FT OLYMPIC BAR H'                             ,'ROGUE'           ,'HI-TEMPO'          ,                    ,2019          ,
163                     ,'7 FT OLYMPIC BAR H'                             ,'ROGUE'           ,'HI-TEMPO'          ,                    ,2019          ,
164                     ,'7 FT OLYMPIC BAR H'                             ,'ROGUE'           ,'HI-TEMPO'          ,                    ,2019          ,
165                     ,'7 FT OLYMPIC BAR H'                             ,'ROGUE'           ,'HI-TEMPO'          ,                    ,2019          ,
166                     ,'TAPETE DE YOGA NEGRO'                           ,'PER4M'           ,'AZ97506'           ,                    ,'OT 2019'     ,
167                     ,'TAPETE DE YOGA NEGRO'                           ,'PER4M'           ,'AZ97506'           ,                    ,'OT 2019'     ,
168                     ,'TAPETE DE YOGA NARANJA '                        ,'AMAZING FITNESS' ,'AFTAP10MM'         ,                    ,'OT 2019'     ,
169                     ,'TAPETE DE YOGA NARANJA'                         ,'AMAZING FITNESS' ,'AFTAP10MM'         ,                    ,'OT 2019'     ,
170                     ,'TAPETE DE YOGA NARANJA'                         ,'AMAZING FITNESS' ,'AFTAP10MM'         ,                    ,'OT 2019'     ,
171                     ,'TAPETE DE YOGA NARANJA'                         ,'AMAZING FITNESS' ,'AFTAP10MM'         ,                    ,'OT 2019'     ,
172                     ,'TAPETE DE YOGA NARANJA'                         ,'AMAZING FITNESS' ,'AFTAP10MM'         ,                    ,'OT 2019'     ,
173                     ,'TAPETE DE YOGA NARANJA'                         ,'AMAZING FITNESS' ,'AFTAP10MM'         ,                    ,'OT 2019'     ,
174                     ,'TAPETE DE YOGA NARANJA'                         ,'AMAZING FITNESS' ,'AFTAP10MM'         ,                    ,'OT 2019'     ,
175                     ,'TAPETE DE YOGA NARANJA'                         ,'AMAZING FITNESS' ,'AFTAP10MM'         ,                    ,'OT 2019'     ,
176                     ,'BARRA DE PESO INTEGRADO 20 LB'                  ,'TROY'            ,2019                ,                    ,'OT 2019'     ,
177                     ,'BARRA DE PESO INTEGRADO 30 LB'                  ,'TROY'            ,2019                ,                    ,'OT 2019'     ,
178                     ,'BARRA DE PESO INTEGRADO 40 LB'                  ,'TROY'            ,2019                ,                    ,'OT 2019'     ,
179                     ,'BARRA DE PESO INTEGRADO 50 LB'                  ,'TROY'            ,2019                ,                    ,'OT 2019'     ,
180                     ,'BARRA DE PESO INTEGRADO 60 LB'                  ,'TROY'            ,2019                ,                    ,'OT 2019'     ,
181                     ,'BARRA DE PESO INTEGRADO 70 LB'                  ,'TROY'            ,2019                ,                    ,'OT 2019'     ,
182                     ,'BARRA DE PESO INTEGRADO 80 LB'                  ,'TROY'            ,2019                ,                    ,'OT 2019'     ,
183                     ,'BARRA DE PESO INTEGRADO 90 LB'                  ,'TROY'            ,2019                ,                    ,'OT 2019'     ,
184                     ,'BARRA DE PESO INTEGRADO 100 LB'                 ,'TROY'            ,2019                ,                    ,'OT 2019'     ,
185                     ,'BARRA DE PESO INTEGRADO 110 LB'                 ,'TROY'            ,2019                ,                    ,'OT 2019'     ,
186                     ,'JUEGO DE BANCOS PLIOMETRICOS'                   ,                  ,                    ,                    ,              ,
187                     ,'JUEGO DE BANCOS PLIOMETRICOS'                   ,                  ,                    ,                    ,              ,
                        ,                                                 ,                  ,                    ,                    ,              ,
                        ,                                                 ,                  ,                    ,                    ,              ,
'TECNOLOGÍA '           ,                                                 ,                  ,                    ,                    ,              ,
'N°'                    ,'DESCRIPCIÓN'                                    ,'MARCA'           ,'MODELO'            ,'N° SERIE'          ,'PERIODO'     ,'ACTIVO FIJO'
1                       ,'TELEFÓNO IP '                                   ,'AVAYA'           ,'1603SW-1'          ,'18WZ140001X3'      ,'VERANO 2019' ,
2                       ,'TELEFÓNO IP '                                   ,'AVAYA'           ,'1603SW-1'          ,'17WZ5130009Y'      ,'VERANO 2019' ,
3                       ,'ADAPTADOR DE CORRIENTE 5V '                     ,'AVAYA'           ,'PSAC12R-050'       ,'18KU33510563'      ,'VERANO 2019' ,
4                       ,'ADAPTADOR DE CORRIENTE 5V '                     ,'AVAYA'           ,'PSAC12R-050'       ,'18KU33510575'      ,'VERANO 2019' ,
8                       ,'DISPENSADOR DE SANITIZANTE'                     ,'PURELL'          ,'LTX-12'            ,                    ,'OT 2019'     ,
9                       ,'DISPENSADOR DE SANITIZANTE'                     ,'PURELL'          ,'LTX-12'            ,                    ,'OT 2019'     ,
10                      ,'DISPENSADOR DE SANITIZANTE'                     ,'PURELL'          ,'LTX-12'            ,                    ,'OT 2019'     ,
11                      ,'DISPENSADOR DE SANITIZANTE'                     ,'PURELL'          ,'LTX-12'            ,                    ,'OT 2019'     ,
12                      ,'DISPENSADOR DE SANITIZANTE'                     ,'PURELL'          ,'LTX-12'            ,                    ,'OT 2019'     ,
                        ,'BALONERA '                                      ,'MIKASA'          ,                    ,                    ,              ,
